<?xml version="1.0" encoding="UTF-8"?>
<project-private xmlns="http://www.netbeans.org/ns/project-private/1">
    <editor-bookmarks xmlns="http://www.netbeans.org/ns/editor-bookmarks/2" lastBookmarkId="0"/>
    <open-files xmlns="http://www.netbeans.org/ns/projectui-open-files/2">
        <group>
            <file>file:/C:/Users/fersg/OneDrive%20-%20Universidad%20Pontificia%20Comillas/Lab-Micro/P7%20-%20Comunicaciones/Practica7.X/Pic32Ini.h</file>
            <file>file:/C:/Users/fersg/OneDrive%20-%20Universidad%20Pontificia%20Comillas/Lab-Micro/P7%20-%20Comunicaciones/Practica7.X/main3.c</file>
            <file>file:/C:/Users/fersg/OneDrive%20-%20Universidad%20Pontificia%20Comillas/Lab-Micro/P7%20-%20Comunicaciones/Practica7.X/driver_uart.c</file>
            <file>file:/C:/Users/fersg/OneDrive%20-%20Universidad%20Pontificia%20Comillas/Lab-Micro/P7%20-%20Comunicaciones/Practica7.X/main2.c</file>
            <file>file:/C:/Users/fersg/OneDrive%20-%20Universidad%20Pontificia%20Comillas/Lab-Micro/P7%20-%20Comunicaciones/Practica7.X/driver_uart.h</file>
        </group>
    </open-files>
</project-private>
