<?xml version="1.0" encoding="UTF-8"?>
<project-private xmlns="http://www.netbeans.org/ns/project-private/1">
    <editor-bookmarks xmlns="http://www.netbeans.org/ns/editor-bookmarks/2" lastBookmarkId="0"/>
    <open-files xmlns="http://www.netbeans.org/ns/projectui-open-files/2">
        <group>
            <file>file:/C:/Users/fersg/OneDrive%20-%20Universidad%20Pontificia%20Comillas/Lab-Micro/Proyecto%20final/Ultrasonidos/Ultrasonidos.X/I2C_H.c</file>
            <file>file:/C:/Users/fersg/OneDrive%20-%20Universidad%20Pontificia%20Comillas/Lab-Micro/Proyecto%20final/Ultrasonidos/Ultrasonidos.X/I2C_H.h</file>
            <file>file:/C:/Users/fersg/OneDrive%20-%20Universidad%20Pontificia%20Comillas/Lab-Micro/Proyecto%20final/Ultrasonidos/Ultrasonidos.X/pruebas.c</file>
            <file>file:/C:/Users/fersg/OneDrive%20-%20Universidad%20Pontificia%20Comillas/Lab-Micro/Proyecto%20final/Ultrasonidos/Ultrasonidos.X/mainpruebaus.c</file>
            <file>file:/C:/Users/fersg/OneDrive%20-%20Universidad%20Pontificia%20Comillas/Lab-Micro/Proyecto%20final/Ultrasonidos/Ultrasonidos.X/ultrasonidos.c</file>
            <file>file:/C:/Users/fersg/OneDrive%20-%20Universidad%20Pontificia%20Comillas/Lab-Micro/Proyecto%20final/Ultrasonidos/Ultrasonidos.X/nbproject/Makefile-impl.mk</file>
            <file>file:/C:/Users/fersg/OneDrive%20-%20Universidad%20Pontificia%20Comillas/Lab-Micro/Proyecto%20final/Ultrasonidos/Ultrasonidos.X/extra.c</file>
            <file>file:/C:/Users/fersg/OneDrive%20-%20Universidad%20Pontificia%20Comillas/Lab-Micro/Proyecto%20final/Ultrasonidos/Ultrasonidos.X/mainultra.c</file>
            <file>file:/C:/Users/fersg/OneDrive%20-%20Universidad%20Pontificia%20Comillas/Lab-Micro/Proyecto%20final/Ultrasonidos/Ultrasonidos.X/inter.c</file>
            <file>file:/C:/Users/fersg/OneDrive%20-%20Universidad%20Pontificia%20Comillas/Lab-Micro/Proyecto%20final/Ultrasonidos/Ultrasonidos.X/Pic32Ini.c</file>
            <file>file:/C:/Users/fersg/OneDrive%20-%20Universidad%20Pontificia%20Comillas/Lab-Micro/Proyecto%20final/Ultrasonidos/Ultrasonidos.X/ultrasonidos.h</file>
        </group>
    </open-files>
</project-private>
