<?xml version="1.0" encoding="UTF-8"?>
<project-private xmlns="http://www.netbeans.org/ns/project-private/1">
    <editor-bookmarks xmlns="http://www.netbeans.org/ns/editor-bookmarks/2" lastBookmarkId="0"/>
    <open-files xmlns="http://www.netbeans.org/ns/projectui-open-files/2">
        <group>
            <file>file:/C:/Users/jorge/OneDrive%20-%20Universidad%20Pontificia%20Comillas/Microprocesadores/Lab-Micro/Proyecto%20final/PFinal2.X/main.h</file>
            <file>file:/C:/Users/jorge/OneDrive%20-%20Universidad%20Pontificia%20Comillas/Microprocesadores/Lab-Micro/Proyecto%20final/PFinal2.X/ultrasonidos.c</file>
            <file>file:/C:/Users/jorge/OneDrive%20-%20Universidad%20Pontificia%20Comillas/Microprocesadores/Lab-Micro/Proyecto%20final/PFinal2.X/Receiver.c</file>
            <file>file:/C:/Users/jorge/OneDrive%20-%20Universidad%20Pontificia%20Comillas/Microprocesadores/Lab-Micro/Proyecto%20final/PFinal2.X/Utils.h</file>
            <file>file:/C:/Users/jorge/OneDrive%20-%20Universidad%20Pontificia%20Comillas/Microprocesadores/Lab-Micro/Proyecto%20final/PFinal2.X/Output.h</file>
            <file>file:/C:/Users/jorge/OneDrive%20-%20Universidad%20Pontificia%20Comillas/Microprocesadores/Lab-Micro/Proyecto%20final/PFinal2.X/main.c</file>
            <file>file:/C:/Users/jorge/OneDrive%20-%20Universidad%20Pontificia%20Comillas/Microprocesadores/Lab-Micro/Proyecto%20final/PFinal2.X/Output.c</file>
            <file>file:/C:/Users/jorge/OneDrive%20-%20Universidad%20Pontificia%20Comillas/Microprocesadores/Lab-Micro/Proyecto%20final/PFinal2.X/Receiver.h</file>
            <file>file:/C:/Users/jorge/OneDrive%20-%20Universidad%20Pontificia%20Comillas/Microprocesadores/Lab-Micro/Proyecto%20final/PFinal2.X/Utils.c</file>
            <file>file:/C:/Users/jorge/OneDrive%20-%20Universidad%20Pontificia%20Comillas/Microprocesadores/Lab-Micro/Proyecto%20final/PFinal2.X/driver_uart.c</file>
        </group>
    </open-files>
</project-private>
